OBJECTID,geometry,minx,miny,maxx,maxy,center_x,center_y,height
221929,"POLYGON ((-84.4200302374973 33.7595204642805, -84.4200314745466 33.7591395843658, -84.4201630566885 33.7591400048868, -84.42016181725 33.7595206089002, -84.4200302374973 33.7595204642805))",-84.4201630566885,33.7591395843658,-84.4200302374973,33.7595206089002,33.759330096633,2-84.42009664709289,4
5500300,"POLYGON ((-84.4171082003924 33.7403555694373, -84.4171082802573 33.740383051761, -84.4170753845589 33.7403831184788, -84.4170753047045 33.7403556361551, -84.4171082003924 33.7403555694373))",-84.4171082802573,33.7403555694373,-84.4170753047045,33.7403831184788,-84.4170917924809,33.74036934395805,24
315007,"POLYGON ((-84.4098145841538 33.7253447768361, -84.4098841138325 33.7253572514273, -84.4099685897911 33.7253724060198, -84.4099715840805 33.7258396820344, -84.4098177935026 33.7258415465919, -84.4098145841538 33.7253447768361))",-84.4099715840805,33.7253447768361,-84.4098145841538,33.7258415465919,-84.40989308411716,33.725593161714,24
241835,"POLYGON ((-84.4393111689213 33.715510019547, -84.4397426137923 33.7155110230542, -84.4397435600495 33.7156831441233, -84.4393098344403 33.7156821240163, -84.4393111689213 33.715510019547))",-84.4397435600495,33.715510019547,-84.4393098344403,33.7156831441233,-84.4395266972449,33.71559658183514,24
3789,"POLYGON ((-84.2872922522103 34.0874735128261, -84.2873262892483 34.0872119959416, -84.2875041315418 34.0872217695149, -84.2879412467113 34.0872457967788, -84.2878900462566 34.0875139539769, -84.2875045095815 34.0874878688398, -84.2872922522103 34.0874735128261))",-84.2879412467113,34.0872119959416,-84.2872922522103,34.0875139539769,-84.2876167494608,34.08736297495925,24
38195,"POLYGON ((-84.3344321594438 34.0468511234584, -84.3344340431371 34.0467741916346, -84.3345792740747 34.046776655827, -84.3345773905107 34.0468535867509, -84.3344321594438 34.0468511234584))",-84.3345792740747,34.0467741916346,-84.3344321594438,34.0468535867509,-84.33450571675925,34.04681388919275,24
5638765,"POLYGON ((-84.398084627883 33.7916086950063, -84.3980847018241 33.7916361771399, -84.3980517864911 33.7916362388715, -84.3980517125604 33.791608756738, -84.398084627883 33.7916086950063))",-84.3980847018241,33.7916086950063,-84.3980517125604,33.7916362388715,-84.39806820719225,33.791622466938904,24
6103960,"POLYGON ((-84.3953022219621 33.81563720595, -84.3953022950805 33.8156646879817, -84.3952693705403 33.8156647490091, -84.3952692974325 33.8156372669774, -84.3953022219621 33.81563720595))",-84.3953022950805,33.81563720595,-84.3952692974325,33.8156647490091,-84.3952857962565,33.81565097747955,24
250918,"POLYGON ((-84.4599240784634 33.6809564984645, -84.4604081884272 33.681249643641, -84.4601818884906 33.6813475844643, -84.4601630797697 33.6813557251746, -84.4597813720928 33.6811245482938, -84.459812526698 33.6810875170005, -84.4598614313523 33.6810297819628, -84.4599240784634 33.6809564984645))",-84.4604081884272,33.6809564984645,-84.4597813720928,33.6813557251746,-84.46009478026,33.68115611181955,24
304769,"POLYGON ((-84.3957050619435 33.7056560992123, -84.3957011628009 33.7056328327426, -84.3960298688453 33.7055915408002, -84.3960370150797 33.7056341896677, -84.3957083274917 33.7056755852861, -84.3957050619435 33.7056560992123))",-84.3960370150797,33.7055915408002,-84.3957011628009,33.7056755852861,-84.3958690889403,33.70563356304315,24
56176,"POLYGON ((-84.2298376748354 34.0745636404648, -84.2299327416847 34.0746127807226, -84.2301097756398 34.0747042894722, -84.230181590847 34.0747413969237, -84.2299370928297 34.0751707292728, -84.2295913801497 34.0751291090202, -84.2295817826463 34.0751277407815, -84.229572215379 34.0751262345801, -84.2295626815977 34.0751245895129, -84.22955318347 34.0751228064803, -84.2295437231637 34.0751208863828, -84.2295343050127 34.0751188292182, -84.2295249322683 34.0751166358866, -84.229515606014 34.0751143063872, -84.2295063295016 34.0751118425218, -84.2294922042896 34.0751078123325, -84.2298376748354 34.0745636404648))",-84.230181590847,34.0745636404648,-84.2294922042896,34.0751707292728,-84.2298368975683,34.0748671848688,24
328917,"POLYGON ((-84.6552627173021 33.6251772646031, -84.6552453086925 33.6250031607935, -84.6556625064657 33.6249997943152, -84.6556813976714 33.6250000631558, -84.6556921826199 33.6251645741416, -84.6555985709723 33.6251673489875, -84.6552627173021 33.6251772646031))",-84.6556921826199,33.6249997943152,-84.6552453086925,33.6251772646031,-84.65546874565621,33.62508852945915,24
6783641,"POLYGON ((-84.3967670587471 33.7921547356439, -84.3967671322688 33.7921822177775, -84.3967342167238 33.7921822791586, -84.3967341432126 33.7921547970249, -84.3967670587471 33.7921547356439))",-84.3967671322688,33.7921547356439,-84.3967341432126,33.7921822791586,-84.3967506377407,33.79216850740125,24
294135,"POLYGON ((-84.3690689101645 33.67357300695, -84.3688286139301 33.6734675003181, -84.3688256462863 33.673466196853, -84.3686531755505 33.6733904700903, -84.3685017084832 33.673323964402, -84.3683435701539 33.6732545299775, -84.3681966688699 33.6731900208689, -84.3681845726497 33.6731828155319, -84.3676360301853 33.6728557145756, -84.3674733096166 33.6727586819322, -84.3674413571218 33.6727396275094, -84.3674188560449 33.67272621028, -84.3673271887383 33.6726715476782, -84.3673732116966 33.6726332133972, -84.367567563768 33.6724713287472, -84.3679844754503 33.6721237824946, -84.36811070252 33.6721451925009, -84.368325890563 33.6721816909331, -84.3686227921656 33.6722320484736, -84.368982333716 33.6722930290151, -84.3690959140265 33.6723122929095, -84.3692159059551 33.6723326507347, -84.3692646048231 33.6723409005207, -84.3693619822744 33.6722687553391, -84.3694161365291 33.6722286333818, -84.3695793794754 33.6721076872153, -84.3696461871221 33.6720581904839, -84.3697253996071 33.6721445140485, -84.370203643546 33.6726656828275, -84.3702770695119 33.6727456975738, -84.3702778598653 33.6727465591674, -84.3701980297521 33.6734212306723, -84.369964307719 33.6735691713833, -84.3699523399677 33.673550192038, -84.3695961247754 33.6737417126777, -84.3695945888741 33.6737425384217, -84.3695318020592 33.6737762547483, -84.3694604291684 33.6737449154148, -84.369457805881 33.6737437637817, -84.3693335322863 33.6736891976548, -84.3692668620192 33.6736599243319, -84.3692642268616 33.6736587673042, -84.3690988986571 33.6735861744744, -84.3690753895521 33.6735758519191, -84.3690728040578 33.6735747164459, -84.3690714967372 33.6735741424215, -84.3690689101645 33.67357300695))",-84.3702778598653,33.6720581904839,-84.3673271887383,33.6737762547483,-84.3688025243018,33.6729172226161,24
2254,"POLYGON ((-84.295509248365 34.0937869379891, -84.2955139464171 34.0937591004541, -84.2955234577762 34.0937043971948, -84.2955283494848 34.0936770625525, -84.2955384017085 34.0936224272462, -84.2955488137857 34.093567837543, -84.2956108356653 34.0932485061959, -84.2969234972793 34.09359070323, -84.2987856983946 34.094076128029, -84.2987813917626 34.0942994192138, -84.2987790915471 34.0944183598622, -84.295509248365 34.0937869379891))",-84.2987856983946,34.0932485061959,-84.295509248365,34.0944183598622,-84.2971474733798,34.09383343302905,24
162659,"POLYGON ((-84.3409993780184 34.0007299153093, -84.3410168635396 34.0006611582369, -84.3411578061096 34.0006853327979, -84.3410532447411 34.0011533487696, -84.3409961532527 34.0011660965449, -84.3408819723969 34.0011915956196, -84.3409978927928 34.0007357572064, -84.3409993780184 34.0007299153093))",-84.3411578061096,34.0006611582369,-84.3408819723969,34.0011915956196,-84.34101988925326,34.00092637692825,24
226020,"POLYGON ((-84.4383550898419 33.7643105143054, -84.4377545905457 33.7643163005051, -84.4377558518202 33.7641943447539, -84.4380083859412 33.7641906980965, -84.4380132466204 33.7636444745406, -84.4383620400268 33.7636454249294, -84.4383550898419 33.7643105143054))",-84.4383620400268,33.7636444745406,-84.4377545905457,33.7643163005051,-84.43805831528624,33.76398038752285,24
204578,"POLYGON ((-84.3632942242834 33.7633956708464, -84.3632928844588 33.7635142855979, -84.3632559313839 33.7635138224, -84.3631177478998 33.7635120921263, -84.3631181109399 33.7634795796994, -84.3632942242834 33.7633956708464))",-84.3632942242834,33.7633956708464,-84.3631177478998,33.7635142855979,-84.3632059860916,33.76345497822215,24
222804,"POLYGON ((-84.4242607447483 33.7486858437678, -84.4242583128216 33.7489724353514, -84.4240736838469 33.7489732640489, -84.4240794770725 33.7486879638421, -84.4242607447483 33.7486858437678))",-84.4242607447483,33.7486858437678,-84.4240736838469,33.7489732640489,-84.4241672142976,33.74882955390835,24
50385,"POLYGON ((-84.4672499459461 33.5784374556486, -84.4671834583051 33.5784379606483, -84.4671890237798 33.5781490295046, -84.4672555123901 33.5781488680398, -84.4672499459461 33.5784374556486))",-84.4672555123901,33.5781488680398,-84.4671834583051,33.5784379606483,-84.4672194853476,33.578293414344046,24
190073,"POLYGON ((-84.4705320125306 33.8138258258782, -84.470705253911 33.8137732451681, -84.4707053308934 33.8137733270279, -84.4710787083282 33.8141725331757, -84.4708990133152 33.8142193084119, -84.4705320125306 33.8138258258782))",-84.4710787083282,33.8137732451681,-84.4705320125306,33.8142193084119,-84.47080536042941,33.81399627679,24
9097,"POLYGON ((-84.26444753652 34.0991806240741, -84.2650752115036 34.0991831126111, -84.2661025596426 34.0991871774838, -84.2679540809225 34.0991945033509, -84.2679593395323 34.1004298350752, -84.2679657803854 34.1019522369716, -84.2670611990778 34.1021260365444, -84.2666507848063 34.1020732720757, -84.2658882044143 34.1022502986246, -84.2655967843035 34.1010143801736, -84.2650047984705 34.1004435940992, -84.26444753652 34.0991806240741))",-84.2679657803854,34.0991806240741,-84.26444753652,34.1022502986246,-84.26620665845269,34.10071546134935,24
218243,"POLYGON ((-84.4011588594101 33.7443515539494, -84.4014054357025 33.7447283148869, -84.4012088645393 33.7448236355533, -84.4009596496681 33.7444428163719, -84.4011588594101 33.7443515539494))",-84.4014054357025,33.7443515539494,-84.4009596496681,33.7448236355533,-84.40118254268529,33.74458759475135,24
109811,"POLYGON ((-84.2128389031846 34.0499692954507, -84.2131176142656 34.0503149135007, -84.2131040482362 34.0503222658795, -84.2130885004733 34.0503305034885, -84.2130728464794 34.0503386004839, -84.2130570884199 34.0503465550615, -84.2130412262944 34.0503543663198, -84.2130252633526 34.0503620342573, -84.2130092017597 34.05036955707, -84.2129930425991 34.0503769347576, -84.2129767880362 34.0503841655158, -84.212960440237 34.0503912484423, -84.2129440013682 34.0503981844378, -84.2129274725112 34.0504049698954, -84.2129108569166 34.0504116066171, -84.2128941545834 34.0504180927995, -84.2128638837141 34.0504293815681, -84.2126707708335 34.0501173728756, -84.2128389031846 34.0499692954507))",-84.2131176142656,34.0499692954507,-84.2126707708335,34.0504293815681,-84.21289419254956,34.0501993385094,24
57816,"POLYGON ((-84.2032273724309 34.0853704393244, -84.2032161258058 34.0853030392812, -84.2032097126994 34.0852646660035, -84.2031993321507 34.0852028601841, -84.2031961432071 34.0851830284381, -84.2031917929777 34.0851564493949, -84.2031908227785 34.0851505657826, -84.2031898276369 34.0851446370973, -84.2031879199298 34.0851332936192, -84.2037021863904 34.0851779749046, -84.2037013609708 34.0851786621795, -84.2037013623168 34.0851817537965, -84.2037013638124 34.0851851889265, -84.2037005394396 34.0851882807924, -84.2037005409352 34.0851917159224, -84.2037005422812 34.0851948075394, -84.2037005437767 34.0851982426694, -84.2036997194038 34.0852013345353, -84.2036997207498 34.0852044261523, -84.2036997222453 34.0852078612823, -84.2036997235913 34.0852109528993, -84.2036997250868 34.0852143880293, -84.2036997264327 34.0852174796463, -84.2036997279283 34.0852209147763, -84.2036997292742 34.0852240063932, -84.2036997306202 34.0852270980102, -84.2036997321157 34.0852305331402, -84.2036997334617 34.0852336247572, -84.2036997349572 34.0852370598872, -84.2036997363032 34.0852401515042, -84.2036997377987 34.0852435866341, -84.2036997391447 34.0852466782511, -84.2036997404906 34.0852497698681, -84.2037005677056 34.0852532047492, -84.2037005690516 34.0852562963662, -84.2037005705472 34.0852597314962, -84.2037005718932 34.0852628231131, -84.2037013991083 34.0852662579942, -84.2037014004543 34.0852693496112, -84.2037014018003 34.0852724412282, -84.2037022290156 34.0852758761092, -84.2037022303617 34.0852789677262, -84.2037030574274 34.0852820590943, -84.2037030589231 34.0852854942242, -84.203703885989 34.0852885855923, -84.2037038874847 34.0852920207222, -84.2037047145506 34.0852951120903, -84.2037047158968 34.0852982037072, -84.2037055431124 34.0853016385883, -84.2037055444586 34.0853047302052, -84.2037063715248 34.0853078215733, -84.2037071987405 34.0853112564543, -84.2037072000868 34.0853143480713, -84.2037080271531 34.0853174394393, -84.2037088542195 34.0853205308073, -84.2037096814355 34.0853239656883, -84.2037096827818 34.0853270573052, -84.2037105098483 34.0853301486732, -84.2037113370645 34.0853335835542, -84.2037121641312 34.0853366749222, -84.2037129911979 34.0853397662902, -84.2037138182646 34.0853428576582, -84.2037146454312 34.0853461780348, -84.2032390440821 34.0854408893825, -84.2032273724309 34.0853704393244))",-84.2037146454312,34.0851332936192,-84.2031879199298,34.0854408893825,-84.2034512826805,34.085287091500845,24
228209,"POLYGON ((-84.4462831720592 33.7664888470287, -84.4463758715928 33.766490069714, -84.4463766862966 33.7669641328793, -84.4463560395096 33.7669665951922, -84.4463380093151 33.7669689523911, -84.4463174482301 33.7669718752473, -84.4462969386778 33.766975042331, -84.4462764860561 33.7669784536299, -84.446256092518 33.7669821073358, -84.4462357645438 33.7669860043359, -84.4462154999626 33.7669901410283, -84.4461732784668 33.7665496400458, -84.4461673057546 33.7664873223878, -84.4462831720592 33.7664888470287))",-84.4463766862966,33.7664873223878,-84.4461673057546,33.7669901410283,-84.4462719960256,33.76673873170805,24
5135188,"POLYGON ((-84.3694020961537 33.8459591395081, -84.3694021610633 33.8459866214514, -84.3693692248409 33.8459866756075, -84.3693691599418 33.8459591936642, -84.3694020961537 33.8459591395081))",-84.3694021610633,33.8459591395081,-84.3693691599418,33.8459866756075,-84.36938566050256,33.8459729075578,24
71454,"POLYGON ((-84.320709610031 34.0806410465775, -84.3207113012868 34.0806433390511, -84.3209426373544 34.0809230208224, -84.3206588578068 34.0810814413689, -84.3206567594547 34.0810793324315, -84.320652852464 34.081075335989, -84.3206459993685 34.0810690071704, -84.3206387610831 34.0810629871842, -84.3206311256725 34.0810572670293, -84.3206258519113 34.0810536509739, -84.3206176768839 34.081048528359, -84.3206091752575 34.08104375778, -84.3206003839171 34.0810393635341, -84.3205913408185 34.0810353627042, -84.3205820459647 34.0810317570935, -84.3205725579058 34.0810285673656, -84.3205628625453 34.0810257881284, -84.32055300217 34.0810234346564, -84.3205463596747 34.0810221067909, -84.3205396720237 34.0810209746306, -84.3205271040154 34.0810193296048, -84.3205225093378 34.0810185329261, -84.3205170154273 34.0810172072274, -84.3205116659939 34.0810154828365, -84.3205065412751 34.0810133894062, -84.3205016293437 34.0810109224434, -84.320497015881 34.0810081260196, -84.3204927074 34.0810050064381, -84.3204895027253 34.0810022939033, -84.3204858304477 34.080998657805, -84.320482532596 34.080994751657, -84.3204796678031 34.0809906421049, -84.3204772360805 34.08098633546, -84.3204756183721 34.08098276982, -84.3204740205208 34.0809782006648, -84.3204729046907 34.0809735398438, -84.3204723636646 34.0809697627813, -84.320472130787 34.0809650170055, -84.3204723930585 34.0809602489714, -84.3204729551044 34.0809564732331, -84.3204764384662 34.0809395249441, -84.3204800241747 34.0809240479521, -84.3204832347188 34.0809114295285, -84.3204866934841 34.0808988585793, -84.3204904015557 34.0808863360048, -84.320494354609 34.08087386722, -84.3204995207101 34.0808587011069, -84.320505059724 34.0808436282941, -84.3205221178202 34.0808122219444, -84.3205318699769 34.0807942947721, -84.320537104824 34.0807871898531, -84.320542506682 34.0807801640664, -84.3205480538815 34.0807732183406, -84.3205537475041 34.0807663517727, -84.3205595832273 34.0807595706794, -84.3205655621327 34.0807528741577, -84.3205716777273 34.0807462667238, -84.3205779310945 34.0807397483762, -84.3205843211557 34.0807333218211, -84.3205908446635 34.0807269888659, -84.3205974994539 34.0807207513163, -84.3206042844484 34.0807146118786, -84.3206111963978 34.0807085714585, -84.3206182342236 34.080702632762, -84.3206253957585 34.0806967957918, -84.320632678842 34.0806910641571, -84.3206400802266 34.0806854396652, -84.320647596665 34.0806799241233, -84.3206552314047 34.0806745157242, -84.3206629757884 34.0806692207898, -84.3206708319801 34.0806640375142, -84.3206787924048 34.0806589713166, -84.3206868592261 34.0806540203911, -84.3206950291985 34.0806491874464, -84.3207067122187 34.0806426379428, -84.320709610031 34.0806410465775))",-84.3209426373544,34.0806410465775,-84.320472130787,34.0810814413689,-84.3207073840707,34.0808612439732,24
324143,"POLYGON ((-84.5715541203632 33.5905749319124, -84.5709760464515 33.5903455150312, -84.5709770360045 33.5903437778811, -84.5709777369735 33.5903425357906, -84.5709784357794 33.5903412919039, -84.5709791291942 33.5903400471331, -84.5709798193642 33.5903387996678, -84.5709805052205 33.590337551315, -84.5709811878364 33.5903363011694, -84.5709818661385 33.5903350501363, -84.5709825401227 33.5903337973139, -84.5709832108664 33.5903325426987, -84.5709838772965 33.590331287196, -84.5709845394085 33.590330029904, -84.5709851982801 33.5903287708192, -84.570985852838 33.5903275108469, -84.5709865041554 33.5903262490818, -84.5709871500817 33.5903249864327, -84.5709877927675 33.5903237219907, -84.5709884322127 33.5903224557561, -84.5709890662669 33.5903211886373, -84.5709896970805 33.5903199197258, -84.5709903235805 33.5903186499268, -84.5709909468399 33.5903173783349, -84.5709915657815 33.5903161049538, -84.5709921804093 33.5903148306852, -84.5709927907235 33.590313555529, -84.5709933977971 33.59031227858, -84.5709940005571 33.5903110007434, -84.5709945989991 33.5903097211176, -84.5709951942006 33.590308439699, -84.5709957840153 33.590307158298, -84.5709963705852 33.5903058742026, -84.5709969539231 33.5903045901178, -84.5709975318614 33.5903033033455, -84.5709981065677 33.5903020165839, -84.570998676956 33.590300728033, -84.5709992430265 33.5902994376928, -84.5709998058648 33.5902981473632, -84.571000364381 33.5902968543428, -84.5710009185878 33.5902955613364, -84.5710014684767 33.5902942665407, -84.5710020140518 33.5902929708575, -84.5710025563865 33.5902916733815, -84.5710030944075 33.590290375018, -84.5710036281147 33.5902890757668, -84.5710041575041 33.5902877747264, -84.5710046836572 33.5902864727949, -84.5710052044192 33.5902851699794, -84.5710057219449 33.5902838662728, -84.5710062351527 33.5902825607769, -84.5710067451242 33.5902812543899, -84.5710072497046 33.5902799471188, -84.5710077510445 33.5902786380551, -84.571008248075 33.5902773290053, -84.5710087407875 33.5902760181664, -84.5710092291822 33.5902747055382, -84.5710097143447 33.5902733929205, -84.5710101941162 33.5902720794189, -84.5710106706472 33.5902707641244, -84.5710111428644 33.5902694479424, -84.571011610768 33.5902681308727, -84.5710120743579 33.5902668129156, -84.57101253363 33.5902654931691, -84.5710129896699 33.5902641734333, -84.5710134413919 33.5902628519082, -84.5710138888003 33.5902615294955, -84.5710143308175 33.5902602061987, -84.5710147706801 33.590258882909, -84.5710152051432 33.590257556932, -84.5710156352968 33.5902562309689, -84.5710160622141 33.5902549041148, -84.5710164837404 33.5902535763767, -84.5710169020303 33.5902522477474, -84.5710173160024 33.5902509173289, -84.5710177256649 33.5902495869245, -84.5710181310138 33.5902482556325, -84.5710185331264 33.5902469234494, -84.5710189298437 33.5902455894806, -84.5710193222516 33.5902442555259, -84.5710197114231 33.59024292068, -84.5710200962768 33.590241584045, -84.571020476821 33.590240247424, -84.5710208519741 33.5902389099189, -84.5710212238909 33.5902375715228, -84.5710215925714 33.5902362322356, -84.5710219558609 33.5902348920643, -84.5710223148409 33.590233551907, -84.571022669503 33.5902322099606, -84.5710230209288 33.590230867123, -84.5710233669678 33.5902295243031, -84.5710237097704 33.590228180592, -84.5710240482594 33.5902268359934, -84.5710243824347 33.5902254905072, -84.5710247112189 33.5902241441369, -84.5710250367711 33.5902227977772, -84.5710253580053 33.5902214496283, -84.5710256749301 33.5902201014934, -84.5710259886186 33.5902187524675, -84.571026296916 33.5902174025575, -84.571026600904 33.5902160526615, -84.5710269005783 33.590214701878, -84.5710271970163 33.5902133502034, -84.5710274880632 33.5902119976447, -84.5710277758739 33.590210644195, -84.5710280582976 33.5902092907628, -84.5710283374852 33.5902079364396, -84.5710286112858 33.5902065821339, -84.5715388948651 33.5902788236973, -84.5715541203632 33.5905749319124))",-84.5715541203632,33.5902065821339,-84.5709760464515,33.5905749319124,-84.57126508340735,33.59039075702315,24
198270,"POLYGON ((-84.4678779421714 33.8035242732916, -84.4678727893527 33.8031654651564, -84.4680097581712 33.8031652893425, -84.4680149268078 33.8035250576842, -84.4678779421714 33.8035242732916))",-84.4680149268078,33.8031652893425,-84.4678727893527,33.8035250576842,-84.46794385808025,33.80334517351335,24
150834,"POLYGON ((-84.403284041651 33.9301239639, -84.4032841258263 33.9301231116989, -84.4034741227179 33.9300601048965, -84.4036749785453 33.9305068840476, -84.4036542941239 33.9305131514079, -84.4036265085066 33.9305213240473, -84.4035986172575 33.9305292417227, -84.40357996537 33.9305343790253, -84.4035519052735 33.9305418696429, -84.4035237471122 33.9305491034785, -84.4034954962897 33.9305560787184, -84.4034766111704 33.9305605853137, -84.4034576878719 33.930564976571, -84.4034387317328 33.9305692272345, -84.4032356232346 33.9306100430338, -84.403284041651 33.9301239639))",-84.4036749785453,33.9300601048965,-84.4032356232346,33.9306100430338,-84.40345530088995,33.93033507396515,24
209138,"POLYGON ((-84.3719973408845 33.7774334572657, -84.3719818854757 33.7770934934341, -84.3720118322281 33.7770942118157, -84.3720469378368 33.7770953571027, -84.3720820247841 33.7770968261038, -84.3721209417154 33.7770988333166, -84.3721024142849 33.7774432988491, -84.3719973408845 33.7774334572657))",-84.3721209417154,33.7770934934341,-84.3719818854757,33.7774432988491,-84.37205141359556,33.7772683961416,24
259457,"POLYGON ((-84.4944659789693 33.6976643525868, -84.4943743159804 33.6981941209325, -84.4940215012003 33.6981902296707, -84.4940094956343 33.6981898476181, -84.4939975365832 33.6981889307567, -84.4939856499912 33.6981874934443, -84.493973869316 33.6981855401005, -84.4939622258611 33.6981830760525, -84.4939507530909 33.6981801075231, -84.4939394812406 33.6981766425474, -84.4939284405521 33.6981726909635, -84.4939212236382 33.6981697914059, -84.4939141321488 33.6981666841339, -84.4939071736452 33.6981633718324, -84.4939003578564 33.6981598598855, -84.4938936923438 33.6981561509784, -84.4938871846823 33.6981522514025, -84.4938808435154 33.6981481647417, -84.4938746753359 33.6981438963888, -84.4938686898694 33.6981394508262, -84.4938600669811 33.6981324632548, -84.4938545653608 33.6981275998431, -84.493849270264 33.6981225798971, -84.493844186026 33.6981174088152, -84.4938393213005 33.6981120928862, -84.4938346804263 33.6981066384102, -84.4938302688243 33.6981010525861, -84.493824094983 33.6980924427519, -84.4938202809435 33.6980865577973, -84.4938167135279 33.6980805657936, -84.4938141870376 33.698075983935, -84.4938101004757 33.6980682107236, -84.4938061851983 33.6980603757456, -84.4937995757569 33.6980461262775, -84.4937935341425 33.698031701285, -84.4937886458627 33.6980187447479, -84.4937842156122 33.6980056742904, -84.4937802477434 33.6979924998192, -84.4937767455401 33.6979792339489, -84.4937694434647 33.6979612570462, -84.4937623924738 33.697943210952, -84.4937555914987 33.6979250983743, -84.4937484047699 33.6979051059543, -84.4944659789693 33.6976643525868))",-84.4944659789693,33.6976643525868,-84.4937484047699,33.6981941209325,-84.4941071918696,33.69792923675965,24
188665,"POLYGON ((-84.4624578564719 33.7895233033956, -84.4630241253205 33.7895054832121, -84.463024347394 33.7895323283417, -84.4630241777273 33.7895507845789, -84.4630237217617 33.7895876955301, -84.4630227451591 33.7896430599544, -84.4630208958527 33.7897168705821, -84.4630197379294 33.7897537714968, -84.4630181010042 33.7897989570003, -84.4621221278321 33.789789752164, -84.462129957792 33.7895507471426, -84.4621305207976 33.7895335694025, -84.4624578564719 33.7895233033956))",-84.463024347394,33.7895054832121,-84.4621221278321,33.7897989570003,-84.46257323761304,33.789652220106206,24
247549,"POLYGON ((-84.4537741167883 33.7211818695886, -84.4537438541936 33.7210323142772, -84.4536267114442 33.7204533892435, -84.4538590383463 33.7205262009366, -84.4539707236837 33.7205612032355, -84.453989063467 33.721031744079, -84.4539939162391 33.7211562391518, -84.4539373683511 33.7211615101424, -84.4538847970745 33.7211672344103, -84.453832351329 33.7211737184617, -84.4537800472924 33.7211809604558, -84.4537741167883 33.7211818695886))",-84.4539939162391,33.7204533892435,-84.4536267114442,33.7211818695886,-84.45381031384164,33.72081762941605,24
5133250,"POLYGON ((-84.3694020961537 33.8459591395081, -84.3694021610633 33.8459866214514, -84.3693692248409 33.8459866756075, -84.3693691599418 33.8459591936642, -84.3694020961537 33.8459591395081))",-84.3694021610633,33.8459591395081,-84.3693691599418,33.8459866756075,-84.36938566050256,33.8459729075578,24
267774,"POLYGON ((-84.6005957180956 33.683121559344, -84.6009349252068 33.6830957281499, -84.6009369789177 33.683095548716, -84.6009390326332 33.6830953701837, -84.6009402653793 33.6830953658515, -84.6009423199561 33.6830953586311, -84.6009435527023 33.6830953542989, -84.6009460190559 33.6830955169464, -84.6009476635834 33.6830956833836, -84.600950130803 33.6830960182447, -84.6009513652765 33.683096357438, -84.600953008938 33.6830963516616, -84.6009542434116 33.6830966908549, -84.6009554778851 33.6830970300481, -84.6009575341894 33.6830973663532, -84.6009591804398 33.6830978754143, -84.6009612376102 33.6830983839329, -84.6009624729452 33.6830988944381, -84.6009637082848 33.6830994058449, -84.6009657654507 33.6830999134618, -84.6009670025177 33.6831007683942, -84.6009682378529 33.6831012788994, -84.60096947492 33.6831021338318, -84.600971532086 33.6831026414485, -84.60097318093 33.6831036662487, -84.6009744179973 33.6831045211811, -84.60097565506 33.6831053752117, -84.6009768921272 33.6831062301441, -84.6009777174131 33.6831069143069, -84.6009789544759 33.6831077683376, -84.6009801915432 33.6831086232699, -84.6009810168291 33.6831093074327, -84.600981842115 33.6831099915956, -84.6009826674009 33.6831106757584, -84.6009834926869 33.6831113599212, -84.6009843179728 33.6831120440841, -84.6009851432588 33.6831127282469, -84.6009859685447 33.6831134124097, -84.6009867955583 33.6831144400981, -84.6009876208443 33.6831151242609, -84.6009884478578 33.6831161519494, -84.600989276599 33.6831175231634, -84.600990101885 33.6831182073262, -84.6009909271711 33.683118891489, -84.6009909323538 33.6831199220658, -84.6009917576398 33.6831206062286, -84.6009925846535 33.683121633917, -84.6009934099396 33.6831223180797, -84.6009934151223 33.6831233486566, -84.6009942404085 33.6831240328194, -84.6009950691498 33.6831254040334, -84.6009958978911 33.6831267752474, -84.6009959030738 33.6831278058243, -84.60099672836 33.683128489987, -84.6009967335427 33.6831295205639, -84.6009975622841 33.6831308917778, -84.6009983910256 33.6831322629918, -84.6009983962083 33.6831332935687, -84.6009992249498 33.6831346647826, -84.6010000536913 33.6831360359966, -84.601000058874 33.6831370665735, -84.6010000640568 33.6831380971503, -84.6010008910708 33.6831391248387, -84.6010008979811 33.6831404989412, -84.6010009048915 33.6831418730437, -84.6010017319055 33.683142900732, -84.6010017370883 33.6831439313089, -84.6010017422711 33.6831449618857, -84.6010017474539 33.6831459924626, -84.6010017526367 33.6831470230395, -84.6010017578195 33.6831480536163, -84.6010025848336 33.6831490813047, -84.6010025900164 33.6831501118815, -84.6010025951992 33.6831511424584, -84.601002600382 33.6831521730353, -84.6010151426148 33.6833582479648, -84.6006045166273 33.683394784018, -84.6006011153542 33.6833950871972, -84.6005841616723 33.6831235123403, -84.6005957180956 33.683121559344))",-84.6010151426148,33.6830953542989,-84.6005841616723,33.6833950871972,-84.60079965214355,33.68324522074805,24
166674,"POLYGON ((-84.3420734543201 33.9734435742783, -84.3418203525835 33.9734339619026, -84.3417521622332 33.9734313693911, -84.3417701989693 33.9730896534935, -84.3417773119489 33.9729548920601, -84.3421624815937 33.9729711397578, -84.3421551983595 33.9730891051017, -84.3421331758065 33.9734458387745, -84.3420734543201 33.9734435742783))",-84.3421624815937,33.9729548920601,-84.3417521622332,33.9734458387745,-84.34195732191345,33.9732003654173,24
99069,"POLYGON ((-84.2656216045657 34.0295263045282, -84.2656389246161 34.0295439875236, -84.265926197272 34.0298368165865, -84.2654314583614 34.0297871986522, -84.2654311747542 34.0297807568283, -84.265430315794 34.0297721651105, -84.2654289186821 34.0297636225122, -84.2654269866947 34.0297551524729, -84.2654245263564 34.0297467784291, -84.265421543107 34.0297385220155, -84.2654192681137 34.029733095208, -84.2654154339826 34.0297250874221, -84.2654111019167 34.0297172567528, -84.2654062838533 34.0297096248292, -84.2654028084436 34.0297046588098, -84.2653972111217 34.029697405289, -84.2653911657682 34.0296904054819, -84.2653846897326 34.0296836792102, -84.2653801408179 34.0296793551014, -84.2653729863689 34.029673122558, -84.2656216045657 34.0295263045282))",-84.265926197272,34.0295263045282,-84.2653729863689,34.0298368165865,-84.26564959182045,34.02968156055735,24
115344,"POLYGON ((-84.3478673588366 34.0499068609, -84.3478720590322 34.0497308456651, -84.3478727732278 34.0497020065323, -84.3478779749031 34.0495127512719, -84.3478785744621 34.0494921440307, -84.3486934328699 34.0496768166567, -84.3486880889991 34.0496962994017, -84.3486835445712 34.049714293302, -84.3486818947806 34.04972082342, -84.3486762098288 34.049745432337, -84.3486710362949 34.0497701189369, -84.348666374164 34.0497948760067, -84.3486622255894 34.0498196972321, -84.3486585927186 34.0498445735938, -84.3486554744534 34.0498694978806, -84.3486528740322 34.049894464678, -84.3486507914344 34.0499194640683, -84.3486492266467 34.0499444897404, -84.3486481807376 34.0499695344798, -84.3486479349319 34.0499812296604, -84.3478673588366 34.0499068609))",-84.3486934328699,34.0494921440307,-84.3478673588366,34.0499812296604,-84.34828039585324,34.04973668684555,24
5353231,"POLYGON ((-84.3644893379015 33.8546185194489, -84.364489401261 33.8546460022634, -84.3644564617052 33.854646055119, -84.3644563983563 33.8546185723045, -84.3644893379015 33.8546185194489))",-84.364489401261,33.8546185194489,-84.3644563983563,33.854646055119,-84.36447289980865,33.85463228728395,24
326976,"POLYGON ((-84.5625080915702 33.6096148685494, -84.5623583951977 33.6100058194218, -84.5623081880713 33.6107711879016, -84.5617006684988 33.610766862821, -84.5616870964559 33.6093170896528, -84.5624161564126 33.6095830542109, -84.5624436148448 33.6095928549847, -84.5624619809805 33.6095992675126, -84.5624803951704 33.6096055834052, -84.5625080915702 33.6096148685494))",-84.5625080915702,33.6093170896528,-84.5616870964559,33.6107711879016,-84.56209759401304,33.6100441387772,24
54889,"POLYGON ((-84.2572914444689 34.1080381060178, -84.2572672424448 34.1080366677784, -84.2572650847496 34.1080360003787, -84.257106546291 34.1079869625862, -84.2570519057165 34.1079700616397, -84.257033382096 34.1079643320423, -84.257016456687 34.107959096248, -84.2570961035043 34.1075892937834, -84.2571168641371 34.1075959557878, -84.2572855602583 34.1076500909673, -84.2572868085139 34.1076883415566, -84.2572878035307 34.1077188295101, -84.2572903761947 34.107797620709, -84.2572906597024 34.1078063227949, -84.2572924121716 34.1078600003805, -84.2572925522478 34.1078643027379, -84.2572943024882 34.1079179208187, -84.2572944705824 34.1079230859917, -84.2572963026312 34.1079792176873, -84.2572963317589 34.1079801048454, -84.2572914444689 34.1080381060178))",-84.2572963317589,34.1075892937834,-84.257016456687,34.1080381060178,-84.25715639422295,34.1078136999006,24
115444,"POLYGON ((-84.3565753826301 34.0240611700321, -84.3571908359374 34.0240771973235, -84.3572248177184 34.0240781932525, -84.3572196206722 34.0244495833239, -84.356565842927 34.0244268234933, -84.3565699103732 34.0242704066395, -84.3565753826301 34.0240611700321))",-84.3572248177184,34.0240611700321,-84.356565842927,34.0244495833239,-84.3568953303227,34.024255376678,24
270071,"POLYGON ((-84.6236989769919 33.6700229866497, -84.6221595046548 33.6695591280538, -84.6221501447139 33.6695563178133, -84.6221549642322 33.6692110494158, -84.6221621685867 33.6687183969366, -84.6238647856512 33.6692047365317, -84.6256853827589 33.6697445489674, -84.6255447900973 33.6700391353009, -84.6241133795585 33.6695789546078, -84.6239534354521 33.6700996548438, -84.6237065441313 33.6700252669147, -84.6237007640666 33.6700236382525, -84.6236989769919 33.6700229866497))",-84.6256853827589,33.6687183969366,-84.6221501447139,33.6700996548438,-84.6239177637364,33.669409025890204,24
305097,"POLYGON ((-84.3944808098436 33.7271070026187, -84.39469157459 33.7272902211397, -84.3944793917852 33.7272895172156, -84.3944808098436 33.7271070026187))",-84.39469157459,33.7271070026187,-84.3944793917852,33.7272902211397,-84.3945854831876,33.7271986118792,24
229640,"POLYGON ((-84.4625341742042 33.7604873861364, -84.4627373763913 33.7604877780263, -84.4627347105985 33.760921876691, -84.4625405395375 33.7609201782988, -84.4625341742042 33.7604873861364))",-84.4627373763913,33.7604873861364,-84.4625341742042,33.760921876691,-84.46263577529774,33.7607046314137,24
1572,"POLYGON ((-84.3123715228388 34.0759101302857, -84.3119284015348 34.0760588641278, -84.3118072721392 34.0758033541028, -84.3118283887965 34.0757965598776, -84.3118493282113 34.0757893970999, -84.3118735217972 34.0757805787252, -84.3118940459633 34.0757726284239, -84.3119143658172 34.0757643204217, -84.3119344694462 34.0757556583393, -84.311954350354 34.0757466448892, -84.3119739977144 34.075737285494, -84.3119934050327 34.075727583768, -84.3120093864763 34.075719240308, -84.3120251898275 34.075710665343, -84.3120439108392 34.0757000718274, -84.3120562405949 34.0756928281366, -84.3120684476685 34.0756854412339, -84.312135663549 34.0756435955321, -84.3121403657293 34.0756453796606, -84.3121451554508 34.0756470338536, -84.3121524641847 34.075649251275, -84.3121599013061 34.0756511475709, -84.3121674483864 34.0756527173536, -84.3121750837493 34.0756539570423, -84.3121802119568 34.0756545974241, -84.3121853648304 34.075655089011, -84.3121931245393 34.0756555450527, -84.3122009020881 34.0756556620676, -84.3122086768915 34.0756554409818, -84.3122164272782 34.0756548809193, -84.3122215696842 34.0756543203388, -84.3122266847483 34.0756536110249, -84.3122342951116 34.0756522703334, -84.3122418106444 34.075650598863, -84.312249210771 34.0756486029495, -84.3122564749143 34.0756462880269, -84.3122642884501 34.0756433746859, -84.3123715228388 34.0759101302857))",-84.3123715228388,34.0756433746859,-84.3118072721392,34.0760588641278,-84.312089397489,34.07585111940685,24
5149589,"POLYGON ((-84.3533969537666 33.8273058062115, -84.3533970135098 33.8273332882642, -84.3533640844102 33.8273333381206, -84.3533640246774 33.8273058560678, -84.3533969537666 33.8273058062115))",-84.3533970135098,33.8273058062115,-84.3533640246774,33.8273333381206,-84.3533805190936,33.82731957216605,24
111109,"POLYGON ((-84.1978659888354 34.0447030617405, -84.1981544026149 34.0445803433228, -84.1983916395511 34.0451048518536, -84.1982766666356 34.0451408270533, -84.1980351952645 34.0451955222593, -84.1978659888354 34.0447030617405))",-84.1983916395511,34.0445803433228,-84.1978659888354,34.0451955222593,-84.19812881419325,34.04488793279105,24
5388862,"POLYGON ((-84.3880274205235 33.826138549215, -84.3880274913434 33.8261660312136, -84.3879945627623 33.8261660903151, -84.3879944919529 33.8261386083165, -84.3880274205235 33.826138549215))",-84.3880274913434,33.826138549215,-84.3879944919529,33.8261660903151,-84.38801099164814,33.82615231976505,24
129006,"POLYGON ((-84.3780937562116 33.8469364303507, -84.3782349826355 33.8469739226842, -84.3784547814888 33.8470322755331, -84.3787166371786 33.8471017928193, -84.3785856257659 33.8475866378557, -84.3785704976527 33.8475833025391, -84.3785604366363 33.8475808917107, -84.3785504260527 33.8475783365323, -84.3785404702265 33.8475756378978, -84.3785305713214 33.8475727967054, -84.3785207325791 33.8475698129495, -84.378510957246 33.8475666884276, -84.3785012474833 33.8475634231363, -84.3784916065395 33.8475600197748, -84.3784820387348 33.847556477434, -84.3784725440738 33.8475527979173, -84.3784631279618 33.8475489821171, -84.3784537914838 33.8475450318347, -84.3784445378816 33.8475409470647, -84.3784353704038 33.8475367305063, -84.3784262912138 33.8475323830575, -84.3784173035535 33.8475279047128, -84.3784084095908 33.8475232981735, -84.3783996125697 33.8475185643355, -84.3783909135732 33.8475137040987, -84.3783823169302 33.8475087201607, -84.378373824802 33.8475036125176, -84.3783654393566 33.8474983838708, -84.378357163838 33.8474930351163, -84.3783489993312 33.8474875680556, -84.3783409490825 33.8474819844864, -84.3783330152575 33.8474762862083, -84.3783252011004 33.8474704741174, -84.3783175076984 33.8474645509167, -84.3783099382955 33.8474585175024, -84.378302493979 33.8474523765775, -84.3782951790735 33.8474461290364, -84.3782879925052 33.8474397775857, -84.3782809396791 33.8474333231178, -84.3782740206021 33.8474267683378, -84.3782672385203 33.8474201150433, -84.3782605945188 33.8474133650358, -84.3782540918438 33.847406520113, -84.378247730502 33.8473995829798, -84.3782415137396 33.847392555434, -84.3782354437223 33.8473854392751, -84.3781864395981 33.8473267994392, -84.378180568779 33.8473193899022, -84.3781748533631 33.8473118971473, -84.3781692933547 33.8473043229779, -84.3781638909195 33.8472966691933, -84.3781586471469 33.8472889393984, -84.3781535652832 33.8472811353909, -84.3781486442521 33.847273258976, -84.3781438883827 33.8472653128511, -84.3781392966009 33.8472572997232, -84.3781348710725 33.8472492213916, -84.3781306139653 33.8472410805578, -84.3781265263642 33.847232879023, -84.3781226082781 33.8472246203939, -84.3781188618749 33.8472163073717, -84.3781152882372 33.8472079408562, -84.3781118873717 33.8471995235524, -84.3781086625291 33.8471910590612, -84.3781056126332 33.8471825491878, -84.3781027387711 33.8471739966352, -84.378100043113 33.8471654050063, -84.3780975245781 33.847156774303, -84.3780951853409 33.8471481099314, -84.378093026482 33.8471394118897, -84.3780910469318 33.8471306846879, -84.3780892488559 33.8471219301255, -84.3780876322632 33.8471131518093, -84.3780861971558 33.8471043506407, -84.3780849446231 33.8470955302246, -84.3780838746718 33.8470866932657, -84.3780829883868 33.8470778415657, -84.3780822846986 33.8470689796344, -84.3780817636071 33.8470601074719, -84.3780814272868 33.8470512304843, -84.378081274657 33.8470423486735, -84.3780813057288 33.8470334665477, -84.3780815205088 33.8470245868118, -84.3780819189991 33.8470157103674, -84.3780825001302 33.8470068417245, -84.3780832660677 33.8469979826829, -84.3780842146571 33.8469891359509, -84.3780853459047 33.8469803042336, -84.3780866598174 33.8469714902358, -84.3780881564018 33.8469626966625, -84.3780898345815 33.8469539253189, -84.3780916932848 33.8469451798132, -84.3780937562116 33.8469364303507))",-84.3787166371786,33.8469364303507,-84.378081274657,33.8475866378557,-84.3783989559178,33.8472615341032,24
202458,"POLYGON ((-84.3499068424205 33.7643536586937, -84.3499131965779 33.7641420616272, -84.350275053577 33.7644736500848, -84.3501508102487 33.7645691712624, -84.3499068424205 33.7643536586937))",-84.350275053577,33.7641420616272,-84.3499068424205,33.7645691712624,-84.35009094799875,33.7643556164448,24
5484931,"POLYGON ((-84.4439966167071 33.725001796183, -84.4439967050953 33.7250292785155, -84.4439638153267 33.7250293523674, -84.443963726949 33.7250018700348, -84.4439966167071 33.725001796183))",-84.4439967050953,33.725001796183,-84.443963726949,33.7250293523674,-84.44398021602214,33.725015574275204,24
247443,"POLYGON ((-84.4516434302955 33.7197425424272, -84.4516972824448 33.7197566535443, -84.451941210135 33.7197259362189, -84.4524031323016 33.7196677655174, -84.4523725057108 33.7198061291196, -84.4523261035678 33.7200137585251, -84.4519419504688 33.7199497594748, -84.4514702717033 33.7198711774943, -84.4516434302955 33.7197425424272))",-84.4524031323016,33.7196677655174,-84.4514702717033,33.7200137585251,-84.45193670200246,33.71984076202125,24
49304,"POLYGON ((-84.4962439134773 33.5824853077304, -84.4968849428139 33.582240491508, -84.4969004968174 33.5822524098471, -84.496914434017 33.5822626833315, -84.4969285815895 33.582272752474, -84.4969429352224 33.5822826163843, -84.4969574883937 33.5822922597512, -84.4970923785999 33.5823801512985, -84.496545304585 33.5826985438789, -84.4962439134773 33.5824853077304))",-84.4970923785999,33.582240491508,-84.4962439134773,33.5826985438789,-84.4966681460386,33.582469517693454,24
2610408,"POLYGON ((-84.1662726641456 34.0456949167564, -84.166268545055 34.0454612686422, -84.1663708982619 34.045487170525, -84.1666672484007 34.0455621645058, -84.166650446004 34.0456254407425, -84.1666456022882 34.04569011899, -84.1663716004898 34.0456936448546, -84.1662726641456 34.0456949167564))",-84.1666672484007,34.0454612686422,-84.166268545055,34.0456949167564,-84.16646789672785,34.0455780926993,24
153062,"POLYGON ((-84.3751084346859 33.9506622837307, -84.3756254173746 33.9503146164482, -84.3756752308088 33.9503674204026, -84.3758472932618 33.9505073256864, -84.3755899407617 33.9507060664646, -84.3752908226695 33.9508332639936, -84.3751084346859 33.9506622837307))",-84.3758472932618,33.9503146164482,-84.3751084346859,33.9508332639936,-84.37547786397386,33.950573940220906,24
5495774,"POLYGON ((-84.3005587505331 34.0671426306437, -84.3005587937595 34.067170111695, -84.3005257720837 34.0671701476642, -84.300525728868 34.0671426666128, -84.3005587505331 34.0671426306437))",-84.3005587937595,34.0671426306437,-84.300525728868,34.0671701476642,-84.30054226131375,34.06715638915395,24
23561,"POLYGON ((-84.5882324236645 33.5809725924144, -84.5882453577296 33.5809728991063, -84.5886822393023 33.5809832463729, -84.5886826095313 33.5809882647262, -84.5885482482567 33.5815235043962, -84.5885286901713 33.5815203629136, -84.5885071930467 33.5815172316441, -84.5884856338834 33.5815144125613, -84.5884640202308 33.5815119074428, -84.5884423585478 33.5815097153648, -84.5884206531519 33.5815078381159, -84.5883989137382 33.5815062756632, -84.5883771446199 33.5815050288935, -84.5883553522603 33.5815040977849, -84.5883335452814 33.5815034832096, -84.5883117279922 33.5815031851529, -84.5882899079331 33.5815032035891, -84.5882680915631 33.5815035375946, -84.5882463036193 33.58150417897, -84.588205956351 33.5815056905572, -84.5882324236645 33.5809725924144))",-84.5886826095313,33.5809725924144,-84.588205956351,33.5815235043962,-84.58844428294115,33.5812480484053,24
63555,"POLYGON ((-84.3420530068984 34.0996411897733, -84.3424943086743 34.0996354062825, -84.342497269667 34.0997140328543, -84.3425275152159 34.1005171549161, -84.342525863488 34.1005171572806, -84.3419677823738 34.1006168871588, -84.3419595279743 34.1006189600069, -84.3419504477094 34.1006210340329, -84.3419421926008 34.1006227633693, -84.3419339382001 34.1006248362158, -84.3419256830908 34.1006265655511, -84.3419166021162 34.1006282960639, -84.3419083470062 34.1006300253981, -84.3418992653228 34.1006314123991, -84.3418910102122 34.1006331417321, -84.3418827543932 34.1006345275539, -84.3418736727089 34.100635914553, -84.3418654168894 34.1006373003737, -84.3418563352045 34.1006386873715, -84.3418480786765 34.1006397296804, -84.3418389969911 34.100641116677, -84.341824960822 34.1006428542487, -84.3420276348042 34.0997156733543, -84.342043890194 34.0996413091778, -84.3420530068984 34.0996411897733))",-84.3425275152159,34.0996354062825,-84.341824960822,34.1006428542487,-84.34217623801895,34.1001391302656,24
712546,"POLYGON ((-84.5852623957826 33.5373730660145, -84.5852491859726 33.5373579840842, -84.585543935724 33.5371864707636, -84.5855941269756 33.5372576418947, -84.5856513405927 33.5373249958782, -84.5856401243036 33.5373827891267, -84.5853879417901 33.5375280316747, -84.5852623957826 33.5373730660145))",-84.5856513405927,33.5371864707636,-84.5852491859726,33.5375280316747,-84.58545026328265,33.53735725121915,24
261648,"POLYGON ((-84.5003237056803 33.7276194839761, -84.5003428754099 33.7271419964902, -84.5006672893158 33.7271450083708, -84.5006618092334 33.7276237554585, -84.5003237056803 33.7276194839761))",-84.5006672893158,33.7271419964902,-84.5003237056803,33.7276237554585,-84.50049549749805,33.72738287597435,24
5385624,"POLYGON ((-84.2685059331703 33.9897062751127, -84.2685059659531 33.9897337565424, -84.2684729742219 33.9897337838454, -84.2684729414497 33.9897063024157, -84.2685059331703 33.9897062751127))",-84.2685059659531,33.9897062751127,-84.2684729414497,33.9897337838454,-84.26848945370139,33.98972002947905,24
135758,"POLYGON ((-84.3829180815058 33.8319524379602, -84.3829205868334 33.8319450851696, -84.3830217640358 33.8319720534831, -84.3832170033718 33.8320239826733, -84.3833991772518 33.8320723874512, -84.3839898217192 33.8322293988631, -84.3841161317458 33.8322630067664, -84.3844195506593 33.8323436742769, -84.3844423704032 33.8323497417126, -84.384397731398 33.8323925855011, -84.3843636472421 33.8324248884578, -84.3843293476561 33.8324570330959, -84.3842948347984 33.8324890185099, -84.3836724570007 33.8330604960422, -84.3832800678529 33.8327443474713, -84.3835131206327 33.8324158793063, -84.3832647622072 33.832237850748, -84.3832412043773 33.8322209637635, -84.382907974374 33.8319820936183, -84.3829180815058 33.8319524379602))",-84.3844423704032,33.8319450851696,-84.382907974374,33.8330604960422,-84.3836751723886,33.8325027906059,24
241866,"POLYGON ((-84.439305844478 33.7168116963754, -84.4393053003956 33.7169505395628, -84.4388879954484 33.7169497838013, -84.4388891757061 33.7168109383102, -84.439305844478 33.7168116963754))",-84.439305844478,33.7168109383102,-84.4388879954484,33.7169505395628,-84.43909691996319,33.7168807389365,24
186753,"POLYGON ((-84.4148770936359 33.7956277181516, -84.4154270297387 33.7955823865076, -84.4154981495737 33.7957064956386, -84.415472576478 33.795707701323, -84.4149098034262 33.7957343903722, -84.4148770936359 33.7956277181516))",-84.4154981495737,33.7955823865076,-84.4148770936359,33.7957343903722,-84.41518762160479,33.795658388439904,24
5440998,"POLYGON ((-84.3810195857776 33.7857292817806, -84.3810196542511 33.7857567639723, -84.3809867411294 33.7857568211428, -84.3809866726664 33.7857293389511, -84.3810195857776 33.7857292817806))",-84.3810196542511,33.7857292817806,-84.3809866726664,33.7857568211428,-84.38100316345876,33.785743051461694,24
5135150,"POLYGON ((-84.3694020961537 33.8459591395081, -84.3694021610633 33.8459866214514, -84.3693692248409 33.8459866756075, -84.3693691599418 33.8459591936642, -84.3694020961537 33.8459591395081))",-84.3694021610633,33.8459591395081,-84.3693691599418,33.8459866756075,-84.36938566050256,33.8459729075578,24
34112,"POLYGON ((-84.3635629897113 34.0336747115523, -84.3634656333985 34.0336619995628, -84.3634333593749 34.0336579650947, -84.3634010554123 34.0336540956616, -84.3633687247553 34.0336503894548, -84.3633255752162 34.0336457060621, -84.3632931837251 34.0336423849223, -84.3632502801967 34.0336382447834, -84.3632448850095 34.0334312372626, -84.3632398189199 34.0332382511209, -84.3633908787251 34.0332580641558, -84.363390444557 34.0330821598114, -84.3633917932061 34.0330823199444, -84.3636402042333 34.0331631586607, -84.3635629897113 34.0336747115523))",-84.3636402042333,34.0330821598114,-84.3632398189199,34.0336747115523,-84.3634400115766,34.033378435681854,24
123686,"POLYGON ((-84.3870405778899 33.816230393626, -84.3873432216707 33.8163179613631, -84.387234066879 33.8166617432365, -84.3870817379648 33.8166277890714, -84.387071130048 33.8166251977629, -84.3870605929241 33.8166224106698, -84.3870501341593 33.8166194295819, -84.387039758077 33.8166162553932, -84.3870252070441 33.8166114332406, -84.3870108440793 33.816606232059, -84.3870053323775 33.8166039598396, -84.3870009763824 33.8166016377681, -84.386998244332 33.8165998835373, -84.3869956652791 33.8165979757534, -84.3869932522047 33.8165959216062, -84.3869904862578 33.8165931648056, -84.3869884872459 33.816590821392, -84.3869866888696 33.8165883667175, -84.3869847373379 33.8165851612455, -84.3869834212971 33.8165825028391, -84.3869823297606 33.8165797737032, -84.3869816633206 33.8165776884848, -84.3869809787958 33.816574869359, -84.3869806211653 33.8165727321952, -84.3869803985291 33.8165705821673, -84.3869803101389 33.8165677060745, -84.3869804637234 33.8165648322545, -84.3869807358388 33.8165626867527, -84.3870405778899 33.816230393626))",-84.3873432216707,33.816230393626,-84.3869803101389,33.8166617432365,-84.3871617659048,33.81644606843125,24
203722,"POLYGON ((-84.3592718598792 33.7788102817907, -84.3587793206851 33.7788114615896, -84.3587803140112 33.7786697329542, -84.3592737867585 33.7786658314113, -84.3592718598792 33.7788102817907))",-84.3592737867585,33.7786658314113,-84.3587793206851,33.7788114615896,-84.3590265537218,33.77873864650045,24
248292,"POLYGON ((-84.4543774997621 33.7330076701172, -84.454183505213 33.7331360967433, -84.4540715618239 33.7332102038898, -84.4532620598433 33.7332530484394, -84.4532626081357 33.7332420343361, -84.45326295264 33.7332288008277, -84.4532629658265 33.73321556358, -84.4532627230387 33.7332045350828, -84.4532621265287 33.7331913082667, -84.4532613765831 33.733180295373, -84.4532601725954 33.7331670970163, -84.4532586373834 33.7331539228714, -84.4532567709654 33.7331407783481, -84.4532549648009 33.7331298517596, -84.4532529288686 33.7331189536556, -84.4532501865242 33.7331059166588, -84.4532471173629 33.733092930913, -84.4532443113045 33.7330821527131, -84.4532406468021 33.7330692747442, -84.4532372684396 33.7330583923784, -84.4545311368762 33.7329059604782, -84.4543774997621 33.7330076701172))",-84.4545311368762,33.7329059604782,-84.4532372684396,33.7332530484394,-84.45388420265789,33.7330795044588,24
332361,"POLYGON ((-84.5383650516334 33.6322412235009, -84.5385620422589 33.6320180193214, -84.5387139893572 33.6320168752144, -84.5387151576711 33.6322886092146, -84.5385582819705 33.6322897681464, -84.5385517096603 33.6322894443751, -84.5385451373502 33.6322891206035, -84.5385385650401 33.6322887968315, -84.5385319912538 33.6322881295281, -84.5385254174677 33.6322874622243, -84.5385188436815 33.6322867949202, -84.5385122698955 33.6322861276157, -84.5385056946335 33.6322851167798, -84.5384999407257 33.6322841034739, -84.5384933654639 33.6322830926374, -84.5384867902022 33.6322820818004, -84.5384802134647 33.632280727432, -84.5384736367273 33.6322793730633, -84.5384678813442 33.6322780162248, -84.5384613046073 33.6322766618554, -84.5384547263945 33.6322749639546, -84.5384489695361 33.6322732635841, -84.5384423913238 33.6322715656826, -84.5384366344658 33.6322698653116, -84.5384300547782 33.6322678238784, -84.5384242964448 33.6322657799756, -84.5384177167578 33.6322637385417, -84.538411958425 33.6322616946384, -84.5384061986167 33.6322593072037, -84.5383996174548 33.6322569222377, -84.5383938565693 33.6322545348057, -84.538388096762 33.6322521473701, -84.5383823354793 33.6322494164032, -84.5383765756726 33.6322470289672, -84.5383708143906 33.6322442979997, -84.5383650516334 33.6322412235009))",-84.5387151576711,33.6320168752144,-84.5383650516334,33.6322897681464,-84.53854010465226,33.6321533216804,24
40985,"POLYGON ((-84.2957995881902 34.0635726454693, -84.2957967511436 34.0638142072783, -84.295171542516 34.0638148634325, -84.2951755123453 34.0635732995498, -84.2957995881902 34.0635726454693))",-84.2957995881902,34.0635726454693,-84.295171542516,34.0638148634325,-84.2954855653531,34.063693754450895,24
13737,"POLYGON ((-84.6273483381311 33.5304014648185, -84.6309030721576 33.5303524126296, -84.6309035014679 33.5307852970411, -84.6278519274232 33.530816864113, -84.6278613489116 33.5313939521289, -84.6273424434488 33.5314018993953, -84.6273424299211 33.5313924462456, -84.6273483381311 33.5304014648185))",-84.6309035014679,33.5303524126296,-84.6273424299211,33.5314018993953,-84.6291229656945,33.53087715601245,24
6710,"POLYGON ((-84.2732714751999 34.1092171222326, -84.2722903255089 34.1088593789712, -84.2722872924497 34.1088583086692, -84.2722874536513 34.1088170727214, -84.272287366478 34.1087957705734, -84.2726182094455 34.1086192308712, -84.2729137756781 34.1084614588513, -84.2735565458733 34.1091397394822, -84.2735555166851 34.1091401695418, -84.2735542848814 34.1091406619884, -84.2735530822982 34.1091411183454, -84.2735519457778 34.1091415295647, -84.2735510302576 34.1091418450214, -84.2735499944536 34.1091421858278, -84.2735488535271 34.1091425411514, -84.2735478577671 34.1091428332362, -84.2735469595091 34.109143084664, -84.2735459583011 34.1091433542135, -84.2735450318464 34.1091435939449, -84.2735441194601 34.109143815632, -84.2735431637111 34.1091440328488, -84.2735422036116 34.1091442383485, -84.2735412597461 34.1091444239988, -84.2735398173718 34.1091446867192, -84.2735380249308 34.109144982202, -84.2735367027792 34.1091451708861, -84.2735357230659 34.1091452943568, -84.2735347205789 34.1091454088312, -84.2735334492934 34.1091455352603, -84.2735321151289 34.1091456527281, -84.2735308177703 34.1091457322964, -84.273529539902 34.1091457956189, -84.2735280235487 34.1091458420184, -84.2735262589439 34.1091458624872, -84.2735246590525 34.1091458485517, -84.2735231826967 34.1091458092638, -84.2735218840808 34.1091457508876, -84.2735205052147 34.109145661025, -84.2735192921811 34.1091455647069, -84.2735181842791 34.1091454610845, -84.2735169972166 34.1091453304827, -84.2735156301672 34.1091451558589, -84.2735140636099 34.1091449291155, -84.2735127669691 34.1091447174646, -84.2735114757184 34.1091444823673, -84.2735101714289 34.1091442220363, -84.2735088725319 34.1091439400622, -84.2735076213127 34.1091436463257, -84.2735063765711 34.1091433318466, -84.2735048075911 34.109142902244, -84.2735035421812 34.1091425291786, -84.2735022669843 34.1091421308767, -84.2735012877939 34.1091418080522, -84.2735001838718 34.1091414213221, -84.2734989183475 34.1091409571946, -84.2734980356117 34.1091406225653, -84.2734945621084 34.1091392776867, -84.2734919247855 34.1091383098534, -84.2734892669158 34.1091373799053, -84.2734865906681 34.1091364887421, -84.2734838960425 34.1091356363638, -84.2734811841229 34.1091348227696, -84.2734784549116 34.1091340497625, -84.2734757094901 34.1091333155385, -84.2734729500287 34.1091326218989, -84.2734701765262 34.109131967942, -84.2734673889837 34.1091313545695, -84.2734645895691 34.1091307817795, -84.2734617782834 34.1091302504736, -84.2734589562084 34.1091297588476, -84.2734561244302 34.1091293087038, -84.2734532829489 34.1091289000422, -84.2734504339311 34.1091285319593, -84.273447578463 34.1091282062575, -84.2734447154584 34.1091279211343, -84.2734418470875 34.1091276783911, -84.273438974433 34.1091274771254, -84.2734360974949 34.1091273173373, -84.2734332184411 34.1091271990247, -84.2734303361888 34.1091271230903, -84.2734274539897 34.1091270895311, -84.2734245707576 34.1091270965451, -84.2734216875787 34.1091271459344, -84.273418806621 34.1091272376971, -84.2734159278831 34.1091273709316, -84.2734130524492 34.109127545637, -84.2734101814041 34.109127762714, -84.2734073158296 34.1091280203584, -84.273404454644 34.1091283203744, -84.2734016010979 34.1091286618574, -84.2733987551914 34.1091290448076, -84.2733959169232 34.1091294683233, -84.2733930895464 34.1091299333034, -84.273390270893 34.1091304397496, -84.2733874642137 34.1091309867575, -84.2733846684245 34.1091315743282, -84.2733818856922 34.1091322015581, -84.2733791171029 34.1091328702494, -84.2733763626544 34.1091335785991, -84.2733736234318 34.1091343275076, -84.2733709005166 34.109135115171, -84.2733681949939 34.1091359424898, -84.2733655068639 34.1091368094641, -84.273362837208 34.1091377142896, -84.2733601860285 34.1091386587697, -84.273357556575 34.1091396410983, -84.2733549477636 34.1091406612762, -84.2733523595942 34.1091417193037, -84.2733497953186 34.1091428151777, -84.2733472538506 34.1091439470961, -84.2733447373603 34.1091451168601, -84.2733422447615 34.1091463226675, -84.2733397782222 34.1091475645164, -84.273337337741 34.1091488415053, -84.273334925486 34.1091501536322, -84.2733325403731 34.1091515008981, -84.2733301834863 34.1091528833019, -84.2733278569912 34.1091542990388, -84.2733255598039 34.1091557481095, -84.2733232930081 34.1091572305132, -84.2733210587708 34.1091587453464, -84.2733188560091 34.1091602935116, -84.2733166858035 34.109161872303, -84.2733145492391 34.1091634826214, -84.2733124473986 34.1091651235642, -84.2733103802821 34.1091667951313, -84.2733083478884 34.1091684964213, -84.2733063513004 34.1091702265314, -84.2733043916019 34.1091719854609, -84.2733024698758 34.1091737723072, -84.2733005850393 34.1091755879727, -84.2732987392567 34.1091774297509, -84.2732969314453 34.1091792985441, -84.2732951637708 34.1091811925475, -84.2732934362342 34.1091831126626, -84.2732917488333 34.1091850570861, -84.273290102652 34.1091870258172, -84.2732884987731 34.1091890179533, -84.2732869361126 34.1091910334952, -84.2732854157534 34.1091930715406, -84.2732839387783 34.1091951311868, -84.2732825051862 34.1091972115323, -84.2732811149769 34.109199312577, -84.2732797703174 34.1092014334174, -84.2732784690396 34.1092035740555, -84.2732772133093 34.1092057326862, -84.2732760031263 34.1092079093094, -84.2732748395736 34.1092101030226, -84.2732737215671 34.1092123138268, -84.2732726501886 34.1092145399177, -84.2732714751999 34.1092171222326))",-84.2735565458733,34.1084614588513,-84.2722872924497,34.1092171222326,-84.2729219191615,34.10883929054195,24
891,"POLYGON ((-84.309783800261 34.1817762744156, -84.3107372040231 34.1817848049137, -84.3107375206043 34.1819710440752, -84.3107367855538 34.1819809002602, -84.3107279907403 34.1820262796879, -84.3107105509578 34.1820698985326, -84.3106849177466 34.1821106283669, -84.3106517554053 34.18214741264, -84.3106119215204 34.18217930006, -84.3105664485585 34.1822054644513, -84.3105165146133 34.18222522733, -84.3104634130625 34.1822380777743, -84.3104085189531 34.182243682383, -84.3103816622881 34.1822437408876, -84.3099966411316 34.1822422031966, -84.3099872645168 34.1822414550065, -84.3099770033358 34.1822391832537, -84.3099673721816 34.1822354646078, -84.3099586652427 34.1822304123263, -84.3099511453153 34.182224180275, -84.3099450416258 34.182216958423, -84.3099405400532 34.1822089647388, -84.3099391857228 34.1822055032984, -84.3099335857677 34.1821965678293, -84.3099200359083 34.1821805334755, -84.3099033425997 34.182166699072, -84.3098840110083 34.182155483269, -84.3098626307887 34.1821472279829, -84.3098398500213 34.1821421830995, -84.3098163611033 34.1821405028845, -84.3097928779537 34.1821422378956, -84.3097811521605 34.1821444208064, -84.309783800261 34.1817762744156))",-84.3107375206043,34.1817762744156,-84.3097811521605,34.1822437408876,-84.3102593363824,34.1820100076516,24
127078,"POLYGON ((-84.4194861317307 33.8119915562587, -84.4188106091211 33.8124236858578, -84.4187186490105 33.8124825357835, -84.4185269497261 33.8122620980765, -84.4188096068577 33.8120820561136, -84.419349449903 33.8117382277005, -84.4194861317307 33.8119915562587))",-84.4194861317307,33.8117382277005,-84.4185269497261,33.8124825357835,-84.41900654072839,33.812110381742,24
960209,"POLYGON ((-84.3643771280893 33.8112781170457, -84.3643683987092 33.8113562470488, -84.3643686888453 33.8113645146889, -84.3643699138796 33.8113993244231, -84.3643703369047 33.8114113616372, -84.3643702417776 33.8114986709944, -84.364370167949 33.811553447082, -84.3643701675097 33.8115537256917, -84.3643700848574 33.811608422448, -84.3643700479869 33.8116637692181, -84.3643699862186 33.8117186228266, -84.3643699771619 33.8117268945523, -84.3643270545565 33.81172626727, -84.3642767228968 33.8117255310218, -84.3640763500807 33.8117226014286, -84.3639677203392 33.8117210134162, -84.3639311449603 33.811720478631, -84.3638590895211 33.8117194253099, -84.3637504597846 33.8117178362044, -84.3636418300537 33.811716247905, -84.3635332003263 33.8117146595098, -84.3633991903604 33.8117126994487, -84.363399504293 33.8116983708724, -84.3633996245706 33.8116928742392, -84.3634188186164 33.8108160205131, -84.3634206364255 33.8106324359033, -84.3644043427671 33.811034549317, -84.3643928743921 33.8111371895866, -84.3643928003023 33.8111378506127, -84.364385823584 33.8112002891472, -84.3643857960768 33.8112005398492, -84.3643771280893 33.8112781170457))",-84.3644043427671,33.8106324359033,-84.3633991903604,33.8117268945523,-84.36390176656374,33.8111796652278,24
6998093,"POLYGON ((-84.4140794260366 33.7797518583454, -84.414079505053 33.7797793404997, -84.4140465942945 33.7797794064781, -84.4140465152886 33.7797519243237, -84.4140794260366 33.7797518583454))",-84.414079505053,33.7797518583454,-84.4140465152886,33.7797794064781,-84.41406301017079,33.77976563241175,24
5441605,"POLYGON ((-84.3881350423196 33.780051927678, -84.388135113051 33.780079409882, -84.3881022021165 33.7800794689417, -84.3881021313957 33.7800519867376, -84.3881350423196 33.780051927678))",-84.388135113051,33.780051927678,-84.3881021313957,33.7800794689417,-84.38811862222335,33.780065698309855,24
114298,"POLYGON ((-84.3839688660351 34.0068922698843, -84.3839734780886 34.0068842265156, -84.3841376719965 34.0069624447424, -84.3844791005546 34.0071250930337, -84.3844048375608 34.007220837505, -84.3842408867918 34.0074322514034, -84.3841299061007 34.0073458833015, -84.3839599289416 34.0072136007403, -84.3837832332265 34.0070760895945, -84.3838958434546 34.0069786990475, -84.3839054655576 34.006970095945, -84.3839147534522 34.0069611949964, -84.3839236715132 34.0069520359359, -84.3839322089419 34.0069426296021, -84.3839403571027 34.006932985928, -84.3839481051993 34.0069231166539, -84.3839554456811 34.0069130326125, -84.3839623688367 34.0069027464439, -84.3839688660351 34.0068922698843))",-84.3844791005546,34.0068842265156,-84.3837832332265,34.0074322514034,-84.38413116689054,34.007158238959505,24
178438,"POLYGON ((-84.3985142947498 33.888545347025, -84.3985272034066 33.8885421616015, -84.3985333687838 33.8889296520438, -84.3982790108682 33.8890678281554, -84.3982657249472 33.8890538633592, -84.3982507388459 33.8890380588149, -84.3982359923383 33.8890220978356, -84.3982212825482 33.8890061196543, -84.3982070595153 33.8889898312958, -84.3981929411887 33.8889734805259, -84.3981835869025 33.8889625459413, -84.3981696412774 33.8889460884512, -84.3981607403946 33.88893490326, -84.3981471132106 33.8889182603338, -84.3981338789836 33.8889014029803, -84.398120861756 33.8888844298083, -84.3981080615275 33.8888673408181, -84.3980954793988 33.8888501432206, -84.398087325594 33.8888385571962, -84.3980751904546 33.8888211351515, -84.3980591819493 33.8887978218826, -84.3980512527405 33.8887861290411, -84.3980398065148 33.8887683883233, -84.398032237963 33.8887565307056, -84.3980209796267 33.8887387030762, -84.3980131533311 33.8887258811916, -84.3980108851725 33.8887214926838, -84.3980090825781 33.8887169554338, -84.3980077618598 33.8887123045745, -84.3980069252794 33.8887075770688, -84.398006663493 33.888704716672, -84.3980065800745 33.8887018496289, -84.3980068396291 33.8886970749834, -84.3980075966016 33.8886923372726, -84.3980088435213 33.888687672576, -84.3980098231682 33.8886849234544, -84.3980109737562 33.8886822199951, -84.3980122844864 33.8886795667267, -84.3980137737888 33.8886769825489, -84.3980154157044 33.8886744630023, -84.3980178459693 33.8886712197656, -84.3980198419101 33.8886688843894, -84.3980219829667 33.8886666398058, -84.3980250489321 33.888663796603, -84.3980274998194 33.8886617849611, -84.3980300742489 33.888659882185, -84.398032767896 33.8886580882828, -84.3980355602804 33.8886564258339, -84.3980384589333 33.8886548812996, -84.3980414498295 33.8886534655258, -84.3980455676209 33.8886517834567, -84.3980487420709 33.8886506802054, -84.3980519817678 33.8886497174867, -84.3980552769841 33.8886488962203, -84.3980905412838 33.8886409406828, -84.3982346312782 33.8886084310964, -84.3983893810593 33.8885735245842, -84.3985142947498 33.888545347025))",-84.3985333687838,33.8885421616015,-84.3980065800745,33.8890678281554,-84.39826997442916,33.88880499487845,24
5157505,"POLYGON ((-84.3594215488368 33.9174804687736, -84.3594216107195 33.9175079513155, -84.3593886469851 33.9175080029006, -84.359388585113 33.9174805203587, -84.3594215488368 33.9174804687736))",-84.3594216107195,33.9174804687736,-84.359388585113,33.9175080029006,-84.35940509791624,33.9174942358371,24
164706,"POLYGON ((-84.3504832473014 33.9534724030649, -84.3504830200051 33.9532051720645, -84.3512976900976 33.9532015076812, -84.3513030011199 33.9532249438135, -84.3513080844197 33.9532456357352, -84.3513135203 33.9532662649156, -84.3513193098334 33.9532868268448, -84.3513254497683 33.9533073188228, -84.3513319411734 33.9533277345366, -84.3513387797172 33.9533480721892, -84.3513459664681 33.9533683254677, -84.3513534992588 33.953388492572, -84.3513613759119 33.953408567194, -84.3513695964217 33.9534285466287, -84.3513781575309 33.9534484254711, -84.3513870570701 33.9534682010195, -84.3513962950296 33.9534878687659, -84.3514058681561 33.9535074251083, -84.3514154700519 33.9535262736299, -84.3504833063717 33.9535361038042, -84.3504832473014 33.9534724030649))",-84.3514154700519,33.9532015076812,-84.3504830200051,33.9535361038042,-84.3509492450285,33.9533688057427,24
216451,"POLYGON ((-84.3925680508868 33.774397870867, -84.3928909258019 33.7742924939545, -84.3929097660462 33.7743346864863, -84.3929161492103 33.7743494916319, -84.3929213243088 33.7743618717446, -84.3929273643985 33.7743767767001, -84.3929332156832 33.7743917342973, -84.3929388792353 33.7744067418292, -84.3929442843728 33.7744216082752, -84.3925670879053 33.7745311908932, -84.3925680508868 33.774397870867))",-84.3929442843728,33.7742924939545,-84.3925670879053,33.7745311908932,-84.39275568613905,33.774411842423845,24
336594,"POLYGON ((-84.6701762531453 33.523315732454, -84.6704339426918 33.5233059122283, -84.6705322771159 33.5233021228384, -84.6709482224295 33.5232860834894, -84.6709385286017 33.5238152021323, -84.6701741515899 33.5238286450006, -84.6701762531453 33.523315732454))",-84.6709482224295,33.5232860834894,-84.6701741515899,33.5238286450006,-84.6705611870097,33.523557364245,24
318055,"POLYGON ((-84.4376359066027 33.6662383060713, -84.4376427627461 33.666020983977, -84.4380193626146 33.6660227690275, -84.4380170598058 33.6662382660894, -84.4380170397098 33.6662401082383, -84.4376359066027 33.6662383060713))",-84.4380193626146,33.666020983977,-84.4376359066027,33.6662401082383,-84.43782763460865,33.66613054610765,24
316670,"POLYGON ((-84.4261677317353 33.6843059656145, -84.4260135812706 33.6843165673012, -84.4259485356957 33.6838284164965, -84.4261155677341 33.6838164416628, -84.4261677317353 33.6843059656145))",-84.4261677317353,33.6838164416628,-84.4259485356957,33.6843165673012,-84.4260581337155,33.684066504482004,24
236643,"POLYGON ((-84.4252251111428 33.7229796141476, -84.4252257576474 33.7232938489481, -84.4250622387172 33.7232963389218, -84.4250602097771 33.7229796842544, -84.4252251111428 33.7229796141476))",-84.4252257576474,33.7229796141476,-84.4250602097771,33.7232963389218,-84.42514298371225,33.7231379765347,24
82931,"POLYGON ((-84.2821631546653 33.9898307781461, -84.2823301190389 33.989384753668, -84.2826156102433 33.9894692401773, -84.2826880532382 33.9894906710752, -84.2825151413924 33.9899261670733, -84.2823073837048 33.9898701833245, -84.2822890173645 33.9898645645435, -84.2822705884534 33.9898590981927, -84.2822520904891 33.9898537932944, -84.2822335278023 33.9898486507462, -84.2822149003943 33.9898436714496, -84.2821962104309 33.9898388563042, -84.2821631546653 33.9898307781461))",-84.2826880532382,33.989384753668,-84.2821631546653,33.9899261670733,-84.28242560395175,33.98965546037065,24
601627,"POLYGON ((-84.3582136962628 34.0862228824368, -84.3582704919496 34.0861826444199, -84.3583082172306 34.0862190862473, -84.3583836570331 34.0862919608673, -84.358383570483 34.0862920232133, -84.3580823291201 34.0865086270115, -84.3580072214528 34.0864364468308, -84.3579681352813 34.0863966864122, -84.3579763397761 34.0863910394957, -84.3582136962628 34.0862228824368))",-84.3583836570331,34.0861826444199,-84.3579681352813,34.0865086270115,-84.3581758961572,34.0863456357157,24
134145,"POLYGON ((-84.381977766893 33.8504954809342, -84.3828876792408 33.85036993348, -84.3828928548881 33.8504014205298, -84.3828995983721 33.8504448443608, -84.3829038052531 33.8504739816289, -84.3829096783018 33.8505176251828, -84.3829135783582 33.8505467909393, -84.3829181687907 33.850590474611, -84.3829213502856 33.85061966507, -84.3829254798052 33.8506635533203, -84.3829279427277 33.8506927648755, -84.3829307885135 33.8507366806229, -84.3829333566085 33.8507806094801, -84.3829349150901 33.850809843359, -84.3829366089842 33.8508537881754, -84.3829370360508 33.8508830312519, -84.3829377505763 33.8509122765288, -84.3829379475402 33.8509496969912, -84.3829379781424 33.8509524063687, -84.3820703676072 33.8511052198488, -84.3820701950939 33.8511040840825, -84.381977766893 33.8504954809342))",-84.3829379781424,33.85036993348,-84.381977766893,33.8511052198488,-84.3824578725177,33.8507375766644,24
164682,"POLYGON ((-84.347608708482 33.9493416919494, -84.3482633363614 33.9491882863036, -84.3484172766875 33.9496647053205, -84.3484014299651 33.9496671739282, -84.3483855515737 33.9496695046316, -84.3483643384493 33.9496723950026, -84.3483483966124 33.9496743994058, -84.3483324306781 33.9496762649918, -84.3483164428063 33.9496779899543, -84.348300434081 33.9496795751932, -84.3482844055822 33.9496810198054, -84.3482683594738 33.9496823237876, -84.3482522989996 33.9496834862335, -84.3482362230816 33.9496845089477, -84.3482201360457 33.9496853910224, -84.3482040389718 33.9496861315544, -84.3481879340238 33.9496867305403, -84.3481718212037 33.9496871888819, -84.3481557037554 33.9496875056727, -84.3481395838446 33.9496876818112, -84.3481180876382 33.949687696366, -84.3480965941436 33.9496874593591, -84.3480804774602 33.9496871170494, -84.348058997099 33.949686440924, -84.3480428959462 33.9496857694926, -84.3480268031486 33.9496849564912, -84.3480107219538 33.9496840028167, -84.3477073711679 33.9496765762862, -84.3476730585442 33.9495630189945, -84.3476085944882 33.9493491738208, -84.3476064949414 33.949342210032, -84.347608708482 33.9493416919494))",-84.3484172766875,33.9491882863036,-84.3476064949414,33.949687696366,-84.34801188581446,33.949437991334804,24
2112835,"POLYGON ((-84.315092886869 34.1239698277271, -84.3150755341829 34.1247495506959, -84.3150733689917 34.1248468524144, -84.3168537057864 34.1264646405602, -84.3169857546047 34.126584630069, -84.3168549415478 34.1265828724145, -84.3164731284018 34.1265777515478, -84.3158342581368 34.1265692751897, -84.3152403219766 34.1265610449927, -84.3147206147803 34.1265537656077, -84.3147071997918 34.1247470208788, -84.3147071721176 34.1247442052086, -84.3147013278323 34.1239574579173, -84.3147119480518 34.1239575965843, -84.3147432799614 34.1239581836202, -84.3147651342406 34.123958593643, -84.3148183122074 34.1239598485467, -84.3148714797845 34.1239613612983, -84.3149246369724 34.1239631318976, -84.3149777946 34.1239651531189, -84.315092886869 34.1239698277271), (-84.3150790573459 34.1258103642438, -84.3155791590787 34.1258091367393, -84.3155735725261 34.1254010144189, -84.3150779185809 34.1253981522649, -84.3150790573459 34.1258103642438))",-84.3169857546047,34.1239574579173,-84.3147013278323,34.126584630069,-84.3158435412185,34.12527104399315,24
982703,"POLYGON ((-84.363953430732 33.821524379541, -84.3639242748224 33.8215233523168, -84.3639275634099 33.8213775870031, -84.3640258901293 33.8213788606079, -84.3640224580338 33.8215246270552, -84.363953430732 33.821524379541))",-84.3640258901293,33.8213775870031,-84.3639242748224,33.8215246270552,-84.36397508247585,33.82145110702915,24
5500715,"POLYGON ((-84.4093212732235 33.6922138359932, -84.4093213504647 33.6922413185476, -84.4092884731013 33.69224138311, -84.4092883958706 33.6922139005556, -84.4093212732235 33.6922138359932))",-84.4093213504647,33.6922138359932,-84.4092883958706,33.69224138311,-84.40930487316766,33.6922276095516,24
239993,"POLYGON ((-84.4272646113903 33.7406718213867, -84.4272692671359 33.7405368453723, -84.4277543020104 33.7405411161336, -84.4277469980604 33.7406766567904, -84.4272646113903 33.7406718213867))",-84.4277543020104,33.7405368453723,-84.4272646113903,33.7406766567904,-84.42750945670035,33.740606751081344,24
20998,"POLYGON ((-84.5250688192517 33.557732381726, -84.5251162416517 33.557733620392, -84.52512441961 33.5577329466025, -84.5251326211678 33.5577325107876, -84.5251408355481 33.5577323111749, -84.5251490519886 33.5577323495991, -84.5251613628753 33.5577328531549, -84.5251739033342 33.5577339204959, -84.5251665202008 33.5580445605164, -84.5250614366471 33.5580432408483, -84.5250688192517 33.557732381726))",-84.5251739033342,33.5577323111749,-84.5250614366471,33.5580445605164,-84.52511766999066,33.557888435845655,24
